USE smart_garage;

INSERT INTO vehicle_years (id, year)
VALUES (1, 2015),
       (2, 2016),
       (3, 2017),
       (4, 2018),
       (5, 2019),
       (6, 2020)
;

INSERT INTO vehicle_brands (id,brand_name)
VALUES (1,'Acura'),
       (2,'Audi'),
       (3,'BMW'),
       (4,'Buick'),
       (5,'Cadillac'),
       (6,'Chevrolet'),
       (7,'Genesis'),
       (8,'GMC'),
       (9,'Honda'),
       (10,'Hyundai'),
       (11,'INFINITI'),
       (12,'Jaguar'),
       (13,'Kia'),
       (14,'Land Rover'),
       (15,'Lincoln'),
       (16,'Mazda'),
       (17,'MINI'),
       (18,'Mitsubishi'),
       (19,'Nissan'),
       (20,'Polestar'),
       (21,'Subaru'),
       (22,'Toyota'),
       (23,'Volvo'),
       (24,'Alfa Romeo'),
       (25,'Bentley'),
       (26,'Chrysler'),
       (27,'Dodge'),
       (28,'FIAT'),
       (29,'Ford'),
       (30,'Jeep'),
       (32,'Lamborghini'),
       (33,'Lexus'),
       (35,'Maserati'),
       (36,'McLaren'),
       (37,'Mercedes-Benz'),
       (38,'Porsche'),
       (39,'Ram'),
       (41,'Rolls-Royce'),
       (42,'Tesla'),
       (43,'Volkswagen'),
       (44,'Aston Martin'),
       (45,'Lotus'),
       (46,'Ferrari'),
       (47,'smart'),
       (48,'Scion')
;

INSERT INTO vehicle_models (id,model_name)
VALUES (2,'MDX'),
       (3,'A5'),
       (4,'e-tron'),
       (6,'Q3'),
       (7,'Q5'),
       (8,'Q8'),
       (9,'3 Series'),
       (10,'4 Series'),
       (11,'4 Series Gran Coupe'),
       (12,'8 Series'),
       (13,'8 Series Gran Coupe'),
       (16,'X2'),
       (17,'Enclave'),
       (18,'Encore GX'),
       (19,'Envision'),
       (20,'CT4'),
       (21,'CT5'),
       (22,'Escalade'),
       (23,'Escalade ESV'),
       (25,'XT4'),
       (26,'XT5'),
       (27,'XT6'),
       (29,'Bolt EV'),
       (30,'Corvette'),
       (31,'Suburban'),
       (32,'Tahoe'),
       (34,'Traverse'),
       (35,'G70'),
       (39,'Acadia'),
       (40,'HR-V'),
       (41,'Odyssey'),
       (42,'Elantra'),
       (43,'Palisade'),
       (44,'Santa Fe'),
       (45,'Q50'),
       (47,'E-PACE'),
       (48,'F-PACE'),
       (49,'F-TYPE'),
       (50,'I-PACE'),
       (51,'XF'),
       (53,'Forte'),
       (56,'Soul'),
       (57,'Sportage'),
       (59,'Stinger'),
       (60,'Defender'),
       (61,'Discovery'),
       (62,'Discovery Sport'),
       (63,'Range Rover'),
       (64,'Range Rover Evoque'),
       (65,'Range Rover Velar'),
       (66,'Aviator'),
       (68,'Clubman'),
       (69,'Convertible'),
       (70,'Countryman'),
       (71,'Hardtop 2 Door'),
       (72,'Hardtop 4 Door'),
       (73,'Eclipse Cross'),
       (74,'LEAF'),
       (77,'BRZ'),
       (78,'Crosstrek'),
       (79,'Impreza'),
       (80,'Legacy'),
       (81,'Outback'),
       (84,'Camry'),
       (85,'Camry Hybrid'),
       (88,'S60'),
       (89,'S90'),
       (90,'V60'),
       (91,'V60 Cross Country'),
       (92,'V90 Cross Country'),
       (93,'XC40'),
       (95,'XC60'),
       (96,'XC90'),
       (97,'ILX'),
       (98,'NSX'),
       (99,'RDX'),
       (100,'TLX'),
       (101,'Giulia'),
       (102,'Stelvio'),
       (103,'A3'),
       (104,'A4'),
       (105,'A4 allroad'),
       (106,'A6'),
       (107,'A6 allroad'),
       (108,'A7'),
       (109,'A8'),
       (111,'e-tron Sportback'),
       (116,'Q7'),
       (117,'R8'),
       (118,'RS 3'),
       (119,'RS 5'),
       (121,'RS 7'),
       (123,'RS Q8'),
       (124,'S3'),
       (125,'S4'),
       (126,'S5'),
       (127,'S6'),
       (128,'S7'),
       (129,'S8'),
       (130,'SQ5'),
       (132,'SQ7'),
       (133,'SQ8'),
       (134,'TT'),
       (135,'TT RS'),
       (136,'TTS'),
       (137,'Bentayga'),
       (138,'Continental'),
       (139,'Flying Spur'),
       (140,'2 Series'),
       (141,'2 Series Gran Coupe'),
       (142,'5 Series'),
       (143,'7 Series'),
       (144,'ALPINA B7'),
       (147,'X1'),
       (148,'X3'),
       (149,'X4'),
       (150,'X5'),
       (151,'X6'),
       (152,'X7'),
       (153,'Z4'),
       (154,'Encore'),
       (157,'Blazer'),
       (158,'Camaro'),
       (159,'Colorado'),
       (160,'Equinox'),
       (161,'Express'),
       (162,'Express Cargo'),
       (163,'Malibu'),
       (165,'Silverado 1500'),
       (166,'Silverado 2500HD'),
       (167,'Silverado 3500HD'),
       (168,'Spark'),
       (169,'Trax'),
       (170,'300'),
       (171,'Pacifica'),
       (172,'Voyager'),
       (173,'Challenger'),
       (174,'Charger'),
       (175,'Durango'),
       (176,'500X'),
       (179,'EcoSport'),
       (180,'Edge'),
       (181,'Escape'),
       (184,'Expedition'),
       (185,'Explorer'),
       (186,'F-150'),
       (188,'F-250 Super Duty'),
       (189,'F-350 Super Duty'),
       (190,'F-450 Super Duty'),
       (192,'Mustang'),
       (194,'Ranger'),
       (195,'Shelby GT500'),
       (196,'Transit Cargo Van'),
       (199,'Transit Crew Van'),
       (200,'Transit Passenger Van'),
       (201,'G80'),
       (202,'G90'),
       (203,'Canyon'),
       (205,'Savana'),
       (206,'Savana Cargo'),
       (207,'Sierra 1500'),
       (208,'Sierra 1500 Limited'),
       (209,'Sierra 2500HD'),
       (210,'Sierra 3500HD'),
       (211,'Terrain'),
       (212,'Yukon'),
       (213,'Yukon XL'),
       (214,'Accord'),
       (215,'Accord Hybrid'),
       (216,'Civic'),
       (217,'CR-V'),
       (218,'CR-V Hybrid'),
       (219,'Insight'),
       (220,'Passport'),
       (221,'Pilot'),
       (222,'Ridgeline'),
       (223,'Accent'),
       (225,'Ioniq Hybrid'),
       (226,'Ioniq Plug-In Hybrid'),
       (227,'Kona'),
       (228,'Kona Electric'),
       (229,'NEXO'),
       (233,'Sonata'),
       (234,'Sonata Hybrid'),
       (235,'Tucson'),
       (237,'Veloster'),
       (238,'Venue'),
       (239,'Q60'),
       (240,'QX50'),
       (241,'QX60'),
       (242,'QX80'),
       (243,'Cherokee'),
       (244,'Compass'),
       (245,'Gladiator'),
       (246,'Grand Cherokee'),
       (251,'Renegade'),
       (253,'Wrangler'),
       (257,'Niro'),
       (258,'Niro EV'),
       (259,'Niro Plug-In Hybrid'),
       (260,'Rio'),
       (261,'Sorento'),
       (264,'Telluride'),
       (265,'Huracan'),
       (266,'Urus'),
       (267,'Range Rover Sport'),
       (268,'ES'),
       (269,'GX'),
       (270,'IS'),
       (271,'LC'),
       (272,'LS'),
       (273,'LX'),
       (274,'NX'),
       (275,'RC'),
       (276,'RX'),
       (277,'UX'),
       (278,'Corsair'),
       (279,'Nautilus'),
       (280,'Navigator'),
       (282,'Ghibli'),
       (283,'Levante'),
       (285,'Quattroporte'),
       (286,'3'),
       (287,'CX-30'),
       (288,'CX-5'),
       (289,'CX-9'),
       (291,'MX-5 Miata'),
       (292,'MX-5 Miata RF'),
       (293,'720S'),
       (294,'720S Spider'),
       (297,'GT'),
       (298,'A-Class'),
       (299,'AMG GT'),
       (300,'C-Class'),
       (301,'CLA-Class'),
       (302,'CLS-Class'),
       (303,'E-Class'),
       (305,'GLA-Class'),
       (306,'GLB-Class'),
       (307,'GLC-Class'),
       (308,'GLC-Class Coupe'),
       (309,'GLE-Class'),
       (310,'GLE-Class Coupe'),
       (311,'GLS-Class'),
       (312,'Maybach'),
       (314,'Metris'),
       (315,'S-Class'),
       (316,'SL-Class'),
       (317,'Sprinter'),
       (318,'Mirage'),
       (319,'Mirage G4'),
       (320,'Outlander'),
       (321,'Outlander PHEV'),
       (322,'Outlander Sport'),
       (323,'Altima'),
       (324,'Armada'),
       (325,'Frontier'),
       (326,'Kicks'),
       (327,'Maxima'),
       (328,'Murano'),
       (329,'Pathfinder'),
       (330,'Rogue'),
       (331,'Rogue Sport'),
       (332,'Sentra'),
       (333,'Titan'),
       (334,'Titan XD'),
       (335,'Versa'),
       (336,'718 Boxster'),
       (337,'718 Cayman'),
       (338,'911'),
       (339,'Cayenne'),
       (340,'Cayenne Coupe'),
       (341,'Macan'),
       (342,'Panamera'),
       (343,'Taycan'),
       (344,'1500'),
       (345,'2500'),
       (346,'3500'),
       (347,'1500 Classic'),
       (348,'Promaster Cargo Van'),
       (349,'Promaster City'),
       (350,'Promaster Window Van'),
       (352,'Cullinan'),
       (353,'Ascent'),
       (354,'Forester'),
       (355,'WRX'),
       (356,'Model 3'),
       (357,'Model S'),
       (358,'Model X'),
       (359,'Model Y'),
       (360,'4Runner'),
       (361,'Avalon'),
       (362,'Avalon Hybrid'),
       (363,'C-HR'),
       (364,'Corolla'),
       (366,'Corolla Hatchback'),
       (367,'Corolla Hybrid'),
       (368,'GR Supra'),
       (369,'Highlander'),
       (370,'Highlander Hybrid'),
       (371,'Mirai'),
       (372,'Prius'),
       (373,'Prius Prime'),
       (374,'RAV4'),
       (375,'RAV4 Hybrid'),
       (377,'Sequoia'),
       (378,'Sienna'),
       (379,'Tacoma'),
       (380,'Tundra'),
       (381,'Venza'),
       (382,'Arteon'),
       (383,'Atlas'),
       (384,'Atlas Cross Sport'),
       (385,'Golf GTI'),
       (386,'Golf R'),
       (388,'Jetta'),
       (389,'Jetta GLI'),
       (390,'Passat'),
       (392,'Tiguan'),
       (395,'DB11'),
       (396,'DBS Superleggera'),
       (398,'Vantage'),
       (399,'i3'),
       (400,'Transit Connect'),
       (401,'Clarity'),
       (402,'Ioniq Electric'),
       (404,'Sedona'),
       (405,'Aventador'),
       (406,'Evora GT'),
       (407,'6'),
       (408,'CX-3'),
       (411,'G-Class'),
       (412,'GT-R'),
       (413,'NV Cargo'),
       (414,'NV Passenger'),
       (415,'NV200'),
       (416,'1'),
       (417,'Ghost'),
       (418,'Land Cruiser'),
       (419,'Golf'),
       (420,'V90'),
       (421,'RLX'),
       (422,'4C'),
       (423,'Mulsanne'),
       (424,'i8'),
       (425,'Regal Sportback'),
       (426,'Regal TourX'),
       (427,'CT6'),
       (428,'CT6-V'),
       (429,'Impala'),
       (430,'Sonic'),
       (431,'Grand Caravan'),
       (432,'Journey'),
       (433,'124 Spider'),
       (434,'500L'),
       (435,'Fusion'),
       (436,'Fusion Energi'),
       (437,'Fusion Hybrid'),
       (438,'Shelby GT350'),
       (439,'Fit'),
       (440,'Elantra GT'),
       (441,'XE'),
       (442,'Cadenza'),
       (443,'K900'),
       (444,'Optima'),
       (445,'Optima Hybrid'),
       (446,'Optima Plug-In Hybrid'),
       (447,'GS'),
       (449,'MKZ'),
       (450,'570S'),
       (451,'570S Spider'),
       (452,'600LT Spider'),
       (453,'SLC-Class'),
       (454,'370Z'),
       (455,'Dawn'),
       (456,'Phantom'),
       (457,'Wraith'),
       (458,'86'),
       (459,'Yaris'),
       (460,'Yaris Hatchback'),
       (461,'Rapide AMR'),
       (462,'3 Series Gran Turismo'),
       (463,'6 Series Gran Coupe'),
       (464,'6 Series Gran Turismo'),
       (465,'ALPINA B6 Gran Coupe'),
       (466,'Cascada'),
       (467,'LaCrosse'),
       (468,'ATS Coupe'),
       (469,'ATS-V'),
       (470,'CTS'),
       (471,'CTS-V'),
       (472,'XTS'),
       (473,'Cruze'),
       (474,'Silverado 1500 LD'),
       (475,'Volt'),
       (476,'Pacifica Hybrid'),
       (477,'488 GTB'),
       (478,'488 Spider'),
       (479,'Portofino'),
       (480,'500'),
       (481,'500e'),
       (482,'Fiesta'),
       (483,'Flex'),
       (484,'Taurus'),
       (485,'Transit Van'),
       (486,'Santa Fe XL'),
       (487,'Sonata Plug-in Hybrid'),
       (488,'Q70'),
       (489,'QX30'),
       (490,'XJ-Series'),
       (491,'Soul EV'),
       (492,'MKC'),
       (493,'MKT'),
       (494,'GranTurismo Convertible'),
       (495,'570GT'),
       (496,'600LT'),
       (497,'Senna'),
       (498,'Versa Note'),
       (499,'EQ fortwo'),
       (500,'Prius c'),
       (501,'Beetle'),
       (502,'Beetle Convertible'),
       (503,'e-Golf'),
       (504,'Golf Alltrack'),
       (505,'Golf SportWagen'),
       (506,'Vanquish S'),
       (507,'A3 Sportback e-tron'),
       (508,'6 Series'),
       (509,'ATS'),
       (510,'City Express'),
       (511,'812 Superfast'),
       (512,'C-Max Hybrid'),
       (513,'Focus'),
       (514,'Transit Wagon'),
       (515,'Santa Fe Sport'),
       (516,'Wrangler JK'),
       (517,'MKX'),
       (518,'GranTurismo'),
       (519,'Sprinter Worker'),
       (520,'fortwo'),
       (521,'Corolla iM'),
       (522,'Yaris iA'),
       (523,'Tiguan Limited'),
       (524,'S60 Cross Country'),
       (525,'Rapide S'),
       (526,'V12 Vantage S'),
       (527,'Vanquish'),
       (528,'5 Series Gran Turismo'),
       (529,'Regal'),
       (530,'Verano'),
       (531,'SS'),
       (532,'200'),
       (533,'Viper'),
       (534,'GTC4Lusso'),
       (535,'C-Max Energi'),
       (537,'Azera'),
       (538,'QX70'),
       (539,'Patriot'),
       (540,'CT'),
       (541,'Evora 400'),
       (542,'B-Class Electric Drive'),
       (543,'i-MiEV'),
       (544,'Lancer'),
       (545,'Juke'),
       (546,'Phantom Drophead Coupe'),
       (547,'Prius v'),
       (548,'CC'),
       (549,'Touareg'),
       (550,'DB9 GT'),
       (551,'V8 Vantage'),
       (552,'allroad'),
       (553,'Continental GT'),
       (554,'ActiveHybrid 5'),
       (555,'ELR'),
       (556,'SRX'),
       (557,'Cruze Limited'),
       (558,'Impala Limited'),
       (559,'Malibu Limited'),
       (560,'Spark EV'),
       (561,'Town and Country'),
       (562,'Dart'),
       (563,'California T'),
       (564,'F12 Berlinetta'),
       (565,'CR-Z'),
       (566,'Equus'),
       (567,'Genesis'),
       (568,'Genesis Coupe'),
       (569,'LR4'),
       (570,'MKS'),
       (571,'675LT Coupe'),
       (572,'675LT Spider'),
       (573,'GL-Class'),
       (574,'SLK-Class'),
       (575,'Cooper'),
       (576,'Cooper Clubman'),
       (577,'Cooper Countryman'),
       (578,'Cooper Paceman'),
       (579,'Quest'),
       (580,'Boxster'),
       (581,'Cayman'),
       (582,'Phantom Coupe'),
       (583,'FR-S'),
       (584,'iA'),
       (585,'iM'),
       (586,'tC'),
       (587,'Eos'),
       (588,'S80'),
       (589,'XC70'),
       (590,'DB9'),
       (591,'Continental GT3-R'),
       (592,'ActiveHybrid 7'),
       (593,'CTS-V Coupe'),
       (594,'Captiva Sport'),
       (595,'458 Italia'),
       (596,'FF'),
       (597,'Crosstour'),
       (598,'Q40'),
       (599,'Q60 Convertible'),
       (600,'Q60 Coupe'),
       (601,'XK-Series'),
       (602,'LR2'),
       (603,'5'),
       (604,'650S Coupe'),
       (605,'650S Spider'),
       (606,'GLK-Class'),
       (607,'M-Class'),
       (608,'SLS AMG GT Final Edition'),
       (609,'Cooper Coupe'),
       (610,'Cooper Roadster'),
       (611,'Lancer Evolution'),
       (612,'Rogue Select'),
       (613,'Xterra'),
       (614,'918 Spyder'),
       (615,'C/V'),
       (616,'iQ'),
       (617,'xB'),
       (618,'XV Crosstrek'),
       (619,'Prius Plug-in')
;

INSERT INTO models_brands (model_id, brand_id)
VALUES (97,1),
       (2,1),
       (98,1),
       (99,1),
       (421,1),
       (100,1),
       (422,24),
       (101,24),
       (102,24),
       (395,44),
       (396,44),
       (398,44),
       (103,2),
       (104,2),
       (105,2),
       (3,2),
       (106,2),
       (107,2),
       (108,2),
       (109,2),
       (111,2),
       (6,2),
       (7,2),
       (116,2),
       (8,2),
       (117,2),
       (118,2),
       (123,2),
       (124,2),
       (125,2),
       (126,2),
       (127,2),
       (128,2),
       (129,2),
       (130,2),
       (132,2),
       (133,2),
       (134,2),
       (135,2),
       (136,2),
       (137,25),
       (138,25),
       (139,25),
       (423,25),
       (140,3),
       (141,3),
       (9,3),
       (10,3),
       (11,3),
       (142,3),
       (143,3),
       (12,3),
       (13,3),
       (144,3),
       (399,3),
       (424,3),
       (147,3),
       (16,3),
       (148,3),
       (149,3),
       (150,3),
       (151,3),
       (152,3),
       (153,3),
       (17,4),
       (154,4),
       (18,4),
       (19,4),
       (425,4),
       (426,4),
       (20,5),
       (21,5),
       (427,5),
       (428,5),
       (22,5),
       (23,5),
       (25,5),
       (26,5),
       (27,5),
       (157,6),
       (29,6),
       (158,6),
       (159,6),
       (30,6),
       (160,6),
       (161,6),
       (162,6),
       (429,6),
       (163,6),
       (165,6),
       (166,6),
       (167,6),
       (430,6),
       (168,6),
       (31,6),
       (32,6),
       (34,6),
       (169,6),
       (170,26),
       (171,26),
       (172,26),
       (173,27),
       (174,27),
       (175,27),
       (431,27),
       (432,27),
       (433,28),
       (434,28),
       (176,28),
       (179,29),
       (180,29),
       (181,29),
       (184,29),
       (185,29),
       (186,29),
       (188,29),
       (189,29),
       (190,29),
       (435,29),
       (436,29),
       (437,29),
       (192,29),
       (194,29),
       (438,29),
       (195,29),
       (196,29),
       (400,29),
       (199,29),
       (200,29),
       (35,7),
       (201,7),
       (202,7),
       (39,8),
       (203,8),
       (205,8),
       (206,8),
       (207,8),
       (209,8),
       (210,8),
       (211,8),
       (212,8),
       (213,8),
       (214,9),
       (215,9),
       (216,9),
       (401,9),
       (217,9),
       (218,9),
       (439,9),
       (40,9),
       (219,9),
       (41,9),
       (220,9),
       (221,9),
       (222,9),
       (223,10),
       (42,10),
       (440,10),
       (402,10),
       (225,10),
       (226,10),
       (227,10),
       (228,10),
       (229,10),
       (43,10),
       (44,10),
       (233,10),
       (234,10),
       (235,10),
       (237,10),
       (238,10),
       (45,11),
       (239,11),
       (240,11),
       (241,11),
       (242,11),
       (47,12),
       (48,12),
       (49,12),
       (50,12),
       (441,12),
       (51,12),
       (243,30),
       (244,30),
       (245,30),
       (246,30),
       (251,30),
       (253,30),
       (442,13),
       (53,13),
       (443,13),
       (257,13),
       (258,13),
       (259,13),
       (444,13),
       (445,13),
       (446,13),
       (260,13),
       (404,13),
       (261,13),
       (56,13),
       (57,13),
       (59,13),
       (264,13),
       (405,32),
       (265,32),
       (266,32),
       (60,14),
       (61,14),
       (62,14),
       (63,14),
       (64,14),
       (267,14),
       (65,14),
       (268,33),
       (447,33),
       (269,33),
       (270,33),
       (271,33),
       (272,33),
       (273,33),
       (274,33),
       (275,33),
       (276,33),
       (277,33),
       (66,15),
       (278,15),
       (449,15),
       (279,15),
       (280,15),
       (406,45),
       (282,35),
       (283,35),
       (285,35),
       (286,16),
       (407,16),
       (408,16),
       (287,16),
       (288,16),
       (289,16),
       (291,16),
       (292,16),
       (450,36),
       (451,36),
       (452,36),
       (293,36),
       (294,36),
       (297,36),
       (298,37),
       (299,37),
       (300,37),
       (301,37),
       (302,37),
       (303,37),
       (411,37),
       (305,37),
       (306,37),
       (307,37),
       (308,37),
       (309,37),
       (311,37),
       (312,37),
       (314,37),
       (315,37),
       (453,37),
       (316,37),
       (317,37),
       (68,17),
       (69,17),
       (70,17),
       (71,17),
       (72,17),
       (73,18),
       (318,18),
       (319,18),
       (320,18),
       (321,18),
       (322,18),
       (454,19),
       (323,19),
       (324,19),
       (325,19),
       (412,19),
       (326,19),
       (74,19),
       (327,19),
       (328,19),
       (413,19),
       (414,19),
       (415,19),
       (329,19),
       (330,19),
       (331,19),
       (332,19),
       (333,19),
       (334,19),
       (335,19),
       (416,20),
       (336,38),
       (337,38),
       (338,38),
       (339,38),
       (340,38),
       (341,38),
       (342,38),
       (343,38),
       (344,39),
       (345,39),
       (346,39),
       (347,39),
       (348,39),
       (349,39),
       (350,39),
       (352,41),
       (455,41),
       (417,41),
       (456,41),
       (457,41),
       (353,21),
       (77,21),
       (78,21),
       (354,21),
       (79,21),
       (355,21),
       (80,21),
       (81,21),
       (356,42),
       (357,42),
       (358,42),
       (359,42),
       (458,22),
       (360,22),
       (361,22),
       (362,22),
       (84,22),
       (85,22),
       (363,22),
       (364,22),
       (366,22),
       (367,22),
       (368,22),
       (369,22),
       (370,22),
       (418,22),
       (371,22),
       (372,22),
       (373,22),
       (374,22),
       (375,22),
       (377,22),
       (378,22),
       (379,22),
       (380,22),
       (459,22),
       (460,22),
       (382,43),
       (383,43),
       (384,43),
       (419,43),
       (385,43),
       (388,43),
       (389,43),
       (390,43),
       (392,43),
       (88,23),
       (89,23),
       (90,23),
       (91,23),
       (420,23),
       (92,23),
       (93,23),
       (95,23),
       (96,23),
       (461,44),
       (4,2),
       (119,2),
       (462,3),
       (463,3),
       (464,3),
       (465,3),
       (466,4),
       (467,4),
       (468,5),
       (469,5),
       (470,5),
       (471,5),
       (472,5),
       (473,6),
       (474,6),
       (475,6),
       (476,26),
       (477,46),
       (478,46),
       (479,46),
       (480,28),
       (481,28),
       (482,29),
       (483,29),
       (484,29),
       (485,29),
       (208,8),
       (486,10),
       (487,10),
       (488,11),
       (489,11),
       (490,12),
       (491,13),
       (448,15),
       (492,15),
       (493,15),
       (494,35),
       (495,36),
       (496,36),
       (497,36),
       (310,37),
       (498,19),
       (499,47),
       (500,22),
       (501,43),
       (502,43),
       (503,43),
       (504,43),
       (386,43),
       (505,43),
       (506,44),
       (507,2),
       (121,2),
       (508,3),
       (509,5),
       (510,6),
       (511,46),
       (512,29),
       (513,29),
       (514,29),
       (515,10),
       (516,30),
       (517,15),
       (518,35),
       (519,37),
       (520,47),
       (521,22),
       (522,22),
       (523,43),
       (524,23),
       (525,44),
       (526,44),
       (527,44),
       (528,3),
       (529,4),
       (530,4),
       (531,6),
       (532,26),
       (533,27),
       (534,46),
       (535,29),
       (536,29),
       (537,10),
       (538,11),
       (539,30),
       (540,33),
       (541,45),
       (542,37),
       (543,18),
       (544,18),
       (545,19),
       (546,41),
       (547,22),
       (548,43),
       (549,43),
       (550,44),
       (551,44),
       (552,2),
       (553,25),
       (554,3),
       (555,5),
       (556,5),
       (557,6),
       (558,6),
       (559,6),
       (560,6),
       (561,26),
       (562,27),
       (563,46),
       (564,46),
       (565,9),
       (566,10),
       (567,10),
       (568,10),
       (569,14),
       (570,15),
       (571,36),
       (572,36),
       (573,37),
       (574,37),
       (575,17),
       (576,17),
       (577,17),
       (578,17),
       (579,19),
       (580,38),
       (581,38),
       (582,41),
       (583,48),
       (584,48),
       (585,48),
       (586,48),
       (587,43),
       (588,23),
       (589,23),
       (590,44),
       (591,25),
       (592,3),
       (593,5),
       (594,6),
       (595,46),
       (596,46),
       (597,9),
       (598,11),
       (599,11),
       (600,11),
       (601,12),
       (602,14),
       (603,16),
       (604,36),
       (605,36),
       (606,37),
       (607,37),
       (608,37),
       (609,17),
       (610,17),
       (611,18),
       (612,19),
       (613,19),
       (614,38),
       (615,39),
       (616,48),
       (617,48),
       (618,21),
       (619,22),
       (381,22)
;

INSERT INTO production_years_models(year_id, model_id)
VALUES (6,97),
       (6,2),
       (6,98),
       (6,99),
       (6,421),
       (6,100),
       (6,422),
       (6,101),
       (6,102),
       (6,395),
       (6,396),
       (6,398),
       (6,103),
       (6,104),
       (6,105),
       (6,3),
       (6,106),
       (6,107),
       (6,108),
       (6,109),
       (6,111),
       (6,6),
       (6,7),
       (6,116),
       (6,8),
       (6,117),
       (6,118),
       (6,123),
       (6,124),
       (6,125),
       (6,126),
       (6,127),
       (6,128),
       (6,129),
       (6,130),
       (6,132),
       (6,133),
       (6,134),
       (6,135),
       (6,136),
       (6,137),
       (6,138),
       (6,139),
       (6,423),
       (6,140),
       (6,141),
       (6,9),
       (6,10),
       (6,11),
       (6,142),
       (6,143),
       (6,12),
       (6,13),
       (6,144),
       (6,399),
       (6,424),
       (6,147),
       (6,16),
       (6,148),
       (6,149),
       (6,150),
       (6,151),
       (6,152),
       (6,153),
       (6,17),
       (6,154),
       (6,18),
       (6,19),
       (6,425),
       (6,426),
       (6,20),
       (6,21),
       (6,427),
       (6,428),
       (6,22),
       (6,23),
       (6,25),
       (6,26),
       (6,27),
       (6,157),
       (6,29),
       (6,158),
       (6,159),
       (6,30),
       (6,160),
       (6,161),
       (6,162),
       (6,429),
       (6,163),
       (6,165),
       (6,166),
       (6,167),
       (6,430),
       (6,168),
       (6,31),
       (6,32),
       (6,34),
       (6,169),
       (6,170),
       (6,171),
       (6,172),
       (6,173),
       (6,174),
       (6,175),
       (6,431),
       (6,432),
       (6,433),
       (6,434),
       (6,176),
       (6,179),
       (6,180),
       (6,181),
       (6,184),
       (6,185),
       (6,186),
       (6,188),
       (6,189),
       (6,190),
       (6,435),
       (6,436),
       (6,437),
       (6,192),
       (6,194),
       (6,438),
       (6,195),
       (6,196),
       (6,400),
       (6,199),
       (6,200),
       (6,35),
       (6,201),
       (6,202),
       (6,39),
       (6,203),
       (6,205),
       (6,206),
       (6,207),
       (6,209),
       (6,210),
       (6,211),
       (6,212),
       (6,213),
       (6,214),
       (6,215),
       (6,216),
       (6,401),
       (6,217),
       (6,218),
       (6,439),
       (6,40),
       (6,219),
       (6,41),
       (6,220),
       (6,221),
       (6,222),
       (6,223),
       (6,42),
       (6,440),
       (6,402),
       (6,225),
       (6,226),
       (6,227),
       (6,228),
       (6,229),
       (6,43),
       (6,44),
       (6,233),
       (6,234),
       (6,235),
       (6,237),
       (6,238),
       (6,45),
       (6,239),
       (6,240),
       (6,241),
       (6,242),
       (6,47),
       (6,48),
       (6,49),
       (6,50),
       (6,441),
       (6,51),
       (6,243),
       (6,244),
       (6,245),
       (6,246),
       (6,251),
       (6,253),
       (6,442),
       (6,53),
       (6,443),
       (6,257),
       (6,258),
       (6,259),
       (6,444),
       (6,445),
       (6,446),
       (6,260),
       (6,404),
       (6,261),
       (6,56),
       (6,57),
       (6,59),
       (6,264),
       (6,405),
       (6,265),
       (6,266),
       (6,60),
       (6,61),
       (6,62),
       (6,63),
       (6,64),
       (6,267),
       (6,65),
       (6,268),
       (6,447),
       (6,269),
       (6,270),
       (6,271),
       (6,272),
       (6,273),
       (6,274),
       (6,275),
       (6,276),
       (6,277),
       (6,66),
       (6,278),
       (6,449),
       (6,279),
       (6,280),
       (6,406),
       (6,282),
       (6,283),
       (6,285),
       (6,286),
       (6,407),
       (6,408),
       (6,287),
       (6,288),
       (6,289),
       (6,291),
       (6,292),
       (6,450),
       (6,451),
       (6,452),
       (6,293),
       (6,294),
       (6,297),
       (6,298),
       (6,299),
       (6,300),
       (6,301),
       (6,302),
       (6,303),
       (6,411),
       (6,305),
       (6,306),
       (6,307),
       (6,308),
       (6,309),
       (6,311),
       (6,312),
       (6,314),
       (6,315),
       (6,453),
       (6,316),
       (6,317),
       (6,68),
       (6,69),
       (6,70),
       (6,71),
       (6,72),
       (6,73),
       (6,318),
       (6,319),
       (6,320),
       (6,321),
       (6,322),
       (6,454),
       (6,323),
       (6,324),
       (6,325),
       (6,412),
       (6,326),
       (6,74),
       (6,327),
       (6,328),
       (6,413),
       (6,414),
       (6,415),
       (6,329),
       (6,330),
       (6,331),
       (6,332),
       (6,333),
       (6,334),
       (6,335),
       (6,416),
       (6,336),
       (6,337),
       (6,338),
       (6,339),
       (6,340),
       (6,341),
       (6,342),
       (6,343),
       (6,344),
       (6,345),
       (6,346),
       (6,346),
       (6,346),
       (6,347),
       (6,348),
       (6,349),
       (6,350),
       (6,352),
       (6,455),
       (6,417),
       (6,456),
       (6,457),
       (6,353),
       (6,77),
       (6,78),
       (6,354),
       (6,79),
       (6,355),
       (6,80),
       (6,81),
       (6,356),
       (6,357),
       (6,358),
       (6,359),
       (6,458),
       (6,360),
       (6,361),
       (6,362),
       (6,84),
       (6,85),
       (6,363),
       (6,364),
       (6,366),
       (6,367),
       (6,368),
       (6,369),
       (6,370),
       (6,418),
       (6,371),
       (6,372),
       (6,373),
       (6,374),
       (6,375),
       (6,377),
       (6,378),
       (6,379),
       (6,380),
       (6,459),
       (6,460),
       (6,382),
       (6,383),
       (6,384),
       (6,419),
       (6,385),
       (6,388),
       (6,389),
       (6,390),
       (6,392),
       (6,88),
       (6,89),
       (6,90),
       (6,91),
       (6,420),
       (6,92),
       (6,93),
       (6,95),
       (6,96),
       (5,97),
       (5,2),
       (5,98),
       (5,99),
       (5,421),
       (5,100),
       (5,422),
       (5,101),
       (5,102),
       (5,395),
       (5,396),
       (5,461),
       (5,398),
       (5,103),
       (5,104),
       (5,105),
       (5,3),
       (5,106),
       (5,108),
       (5,109),
       (5,4),
       (5,6),
       (5,7),
       (5,116),
       (5,8),
       (5,118),
       (5,119),
       (5,124),
       (5,125),
       (5,126),
       (5,130),
       (5,134),
       (5,135),
       (5,136),
       (5,137),
       (5,423),
       (5,140),
       (5,9),
       (5,462),
       (5,10),
       (5,11),
       (5,142),
       (5,463),
       (5,464),
       (5,143),
       (5,12),
       (5,465),
       (5,144),
       (5,399),
       (5,424),
       (5,147),
       (5,16),
       (5,148),
       (5,149),
       (5,150),
       (5,151),
       (5,152),
       (5,153),
       (5,466),
       (5,17),
       (5,154),
       (5,19),
       (5,467),
       (5,425),
       (5,426),
       (5,468),
       (5,469),
       (5,427),
       (5,428),
       (5,470),
       (5,471),
       (5,22),
       (5,23),
       (5,25),
       (5,26),
       (5,472),
       (5,157),
       (5,29),
       (5,158),
       (5,159),
       (5,30),
       (5,473),
       (5,160),
       (5,161),
       (5,162),
       (5,429),
       (5,163),
       (5,165),
       (5,474),
       (5,166),
       (5,167),
       (5,430),
       (5,168),
       (5,31),
       (5,32),
       (5,34),
       (5,169),
       (5,475),
       (5,170),
       (5,170),
       (5,170),
       (5,171),
       (5,476),
       (5,173),
       (5,174),
       (5,175),
       (5,431),
       (5,432),
       (5,477),
       (5,478),
       (5,479),
       (5,480),
       (5,433),
       (5,481),
       (5,434),
       (5,176),
       (5,179),
       (5,180),
       (5,181),
       (5,184),
       (5,185),
       (5,186),
       (5,188),
       (5,189),
       (5,190),
       (5,482),
       (5,483),
       (5,435),
       (5,436),
       (5,437),
       (5,192),
       (5,194),
       (5,438),
       (5,484),
       (5,400),
       (5,200),
       (5,485),
       (5,35),
       (5,201),
       (5,202),
       (5,39),
       (5,203),
       (5,205),
       (5,206),
       (5,207),
       (5,208),
       (5,209),
       (5,210),
       (5,211),
       (5,212),
       (5,213),
       (5,214),
       (5,215),
       (5,216),
       (5,401),
       (5,217),
       (5,439),
       (5,40),
       (5,219),
       (5,41),
       (5,220),
       (5,221),
       (5,222),
       (5,223),
       (5,42),
       (5,440),
       (5,402),
       (5,225),
       (5,226),
       (5,227),
       (5,228),
       (5,229),
       (5,44),
       (5,486),
       (5,233),
       (5,234),
       (5,487),
       (5,235),
       (5,237),
       (5,45),
       (5,239),
       (5,488),
       (5,489),
       (5,240),
       (5,241),
       (5,242),
       (5,47),
       (5,48),
       (5,49),
       (5,50),
       (5,441),
       (5,51),
       (5,490),
       (5,243),
       (5,244),
       (5,246),
       (5,251),
       (5,253),
       (5,442),
       (5,53),
       (5,443),
       (5,257),
       (5,258),
       (5,259),
       (5,444),
       (5,445),
       (5,446),
       (5,260),
       (5,404),
       (5,261),
       (5,56),
       (5,491),
       (5,57),
       (5,59),
       (5,405),
       (5,265),
       (5,266),
       (5,61),
       (5,62),
       (5,63),
       (5,64),
       (5,267),
       (5,65),
       (5,268),
       (5,447),
       (5,269),
       (5,270),
       (5,271),
       (5,272),
       (5,273),
       (5,274),
       (5,275),
       (5,276),
       (5,277),
       (5,448),
       (5,492),
       (5,493),
       (5,449),
       (5,279),
       (5,280),
       (5,282),
       (5,494),
       (5,283),
       (5,285),
       (5,286),
       (5,407),
       (5,408),
       (5,288),
       (5,289),
       (5,291),
       (5,292),
       (5,495),
       (5,450),
       (5,451),
       (5,496),
       (5,293),
       (5,294),
       (5,497),
       (5,298),
       (5,299),
       (5,300),
       (5,301),
       (5,302),
       (5,303),
       (5,411),
       (5,305),
       (5,307),
       (5,308),
       (5,309),
       (5,310),
       (5,311),
       (5,312),
       (5,314),
       (5,315),
       (5,453),
       (5,316),
       (5,317),
       (5,68),
       (5,69),
       (5,70),
       (5,71),
       (5,72),
       (5,73),
       (5,318),
       (5,319),
       (5,320),
       (5,321),
       (5,322),
       (5,454),
       (5,323),
       (5,324),
       (5,325),
       (5,412),
       (5,326),
       (5,74),
       (5,327),
       (5,328),
       (5,413),
       (5,414),
       (5,415),
       (5,329),
       (5,330),
       (5,331),
       (5,332),
       (5,333),
       (5,334),
       (5,335),
       (5,498),
       (5,336),
       (5,337),
       (5,338),
       (5,339),
       (5,341),
       (5,342),
       (5,344),
       (5,344),
       (5,345),
       (5,346),
       (5,346),
       (5,347),
       (5,348),
       (5,349),
       (5,350),
       (5,352),
       (5,455),
       (5,417),
       (5,456),
       (5,457),
       (5,499),
       (5,353),
       (5,77),
       (5,78),
       (5,354),
       (5,79),
       (5,355),
       (5,80),
       (5,81),
       (5,356),
       (5,357),
       (5,358),
       (5,458),
       (5,360),
       (5,361),
       (5,362),
       (5,84),
       (5,85),
       (5,363),
       (5,364),
       (5,366),
       (5,369),
       (5,370),
       (5,418),
       (5,371),
       (5,372),
       (5,500),
       (5,373),
       (5,374),
       (5,375),
       (5,377),
       (5,378),
       (5,379),
       (5,380),
       (5,459),
       (5,382),
       (5,383),
       (5,501),
       (5,502),
       (5,503),
       (5,419),
       (5,504),
       (5,385),
       (5,386),
       (5,505),
       (5,388),
       (5,389),
       (5,390),
       (5,392),
       (5,88),
       (5,89),
       (5,90),
       (5,420),
       (5,92),
       (5,93),
       (5,95),
       (5,96),
       (4,97),
       (4,2),
       (4,98),
       (4,99),
       (4,421),
       (4,100),
       (4,422),
       (4,101),
       (4,102),
       (4,395),
       (4,506),
       (4,103),
       (4,507),
       (4,104),
       (4,105),
       (4,3),
       (4,106),
       (4,108),
       (4,109),
       (4,6),
       (4,7),
       (4,116),
       (4,117),
       (4,118),
       (4,119),
       (4,121),
       (4,124),
       (4,125),
       (4,126),
       (4,127),
       (4,128),
       (4,129),
       (4,130),
       (4,134),
       (4,135),
       (4,136),
       (4,137),
       (4,138),
       (4,139),
       (4,423),
       (4,140),
       (4,140),
       (4,9),
       (4,462),
       (4,10),
       (4,11),
       (4,142),
       (4,508),
       (4,463),
       (4,464),
       (4,143),
       (4,465),
       (4,144),
       (4,399),
       (4,147),
       (4,16),
       (4,148),
       (4,149),
       (4,150),
       (4,151),
       (4,466),
       (4,17),
       (4,154),
       (4,19),
       (4,467),
       (4,425),
       (4,426),
       (4,509),
       (4,468),
       (4,469),
       (4,427),
       (4,470),
       (4,471),
       (4,22),
       (4,23),
       (4,26),
       (4,472),
       (4,29),
       (4,158),
       (4,510),
       (4,159),
       (4,30),
       (4,473),
       (4,160),
       (4,161),
       (4,162),
       (4,429),
       (4,163),
       (4,165),
       (4,166),
       (4,167),
       (4,430),
       (4,168),
       (4,31),
       (4,32),
       (4,34),
       (4,169),
       (4,475),
       (4,170),
       (4,171),
       (4,476),
       (4,173),
       (4,174),
       (4,175),
       (4,431),
       (4,432),
       (4,477),
       (4,478),
       (4,511),
       (4,479),
       (4,480),
       (4,480),
       (4,433),
       (4,481),
       (4,434),
       (4,176),
       (4,512),
       (4,179),
       (4,180),
       (4,181),
       (4,184),
       (4,185),
       (4,186),
       (4,188),
       (4,189),
       (4,190),
       (4,482),
       (4,483),
       (4,513),
       (4,435),
       (4,436),
       (4,437),
       (4,192),
       (4,438),
       (4,484),
       (4,400),
       (4,485),
       (4,514),
       (4,201),
       (4,202),
       (4,39),
       (4,203),
       (4,205),
       (4,206),
       (4,207),
       (4,209),
       (4,210),
       (4,211),
       (4,212),
       (4,213),
       (4,214),
       (4,215),
       (4,216),
       (4,401),
       (4,217),
       (4,439),
       (4,40),
       (4,41),
       (4,221),
       (4,222),
       (4,223),
       (4,42),
       (4,440),
       (4,402),
       (4,225),
       (4,226),
       (4,227),
       (4,44),
       (4,515),
       (4,233),
       (4,234),
       (4,487),
       (4,235),
       (4,45),
       (4,239),
       (4,488),
       (4,489),
       (4,241),
       (4,242),
       (4,47),
       (4,48),
       (4,49),
       (4,441),
       (4,51),
       (4,490),
       (4,243),
       (4,244),
       (4,246),
       (4,251),
       (4,253),
       (4,516),
       (4,442),
       (4,53),
       (4,443),
       (4,257),
       (4,259),
       (4,444),
       (4,445),
       (4,446),
       (4,260),
       (4,404),
       (4,261),
       (4,56),
       (4,491),
       (4,57),
       (4,59),
       (4,265),
       (4,61),
       (4,62),
       (4,63),
       (4,64),
       (4,267),
       (4,65),
       (4,268),
       (4,447),
       (4,269),
       (4,270),
       (4,271),
       (4,272),
       (4,273),
       (4,274),
       (4,275),
       (4,276),
       (4,492),
       (4,493),
       (4,517),
       (4,449),
       (4,280),
       (4,282),
       (4,518),
       (4,494),
       (4,283),
       (4,285),
       (4,286),
       (4,407),
       (4,408),
       (4,288),
       (4,289),
       (4,291),
       (4,292),
       (4,495),
       (4,450),
       (4,451),
       (4,293),
       (4,299),
       (4,300),
       (4,301),
       (4,302),
       (4,303),
       (4,411),
       (4,305),
       (4,307),
       (4,308),
       (4,309),
       (4,310),
       (4,311),
       (4,312),
       (4,314),
       (4,315),
       (4,453),
       (4,316),
       (4,317),
       (4,519),
       (4,68),
       (4,69),
       (4,70),
       (4,71),
       (4,72),
       (4,73),
       (4,318),
       (4,319),
       (4,320),
       (4,321),
       (4,322),
       (4,454),
       (4,323),
       (4,324),
       (4,325),
       (4,412),
       (4,326),
       (4,74),
       (4,327),
       (4,328),
       (4,413),
       (4,414),
       (4,415),
       (4,329),
       (4,330),
       (4,331),
       (4,332),
       (4,333),
       (4,334),
       (4,335),
       (4,498),
       (4,336),
       (4,337),
       (4,338),
       (4,339),
       (4,341),
       (4,342),
       (4,344),
       (4,345),
       (4,345),
       (4,345),
       (4,345),
       (4,346),
       (4,348),
       (4,349),
       (4,350),
       (4,455),
       (4,417),
       (4,456),
       (4,457),
       (4,520),
       (4,77),
       (4,78),
       (4,354),
       (4,79),
       (4,355),
       (4,80),
       (4,81),
       (4,356),
       (4,357),
       (4,358),
       (4,458),
       (4,360),
       (4,360),
       (4,360),
       (4,361),
       (4,362),
       (4,84),
       (4,85),
       (4,363),
       (4,364),
       (4,521),
       (4,369),
       (4,370),
       (4,418),
       (4,371),
       (4,372),
       (4,500),
       (4,373),
       (4,374),
       (4,375),
       (4,377),
       (4,378),
       (4,379),
       (4,380),
       (4,459),
       (4,522),
       (4,383),
       (4,501),
       (4,502),
       (4,503),
       (4,419),
       (4,504),
       (4,385),
       (4,386),
       (4,505),
       (4,388),
       (4,390),
       (4,392),
       (4,523),
       (4,88),
       (4,524),
       (4,89),
       (4,90),
       (4,91),
       (4,420),
       (4,92),
       (4,95),
       (4,96),
       (3,97),
       (3,2),
       (3,98),
       (3,99),
       (3,421),
       (3,100),
       (3,422),
       (3,101),
       (3,395),
       (3,525),
       (3,526),
       (3,527),
       (3,103),
       (3,507),
       (3,104),
       (3,105),
       (3,3),
       (3,106),
       (3,108),
       (3,109),
       (3,6),
       (3,7),
       (3,116),
       (3,117),
       (3,118),
       (3,121),
       (3,124),
       (3,126),
       (3,127),
       (3,128),
       (3,129),
       (3,130),
       (3,134),
       (3,136),
       (3,137),
       (3,138),
       (3,139),
       (3,423),
       (3,140),
       (3,140),
       (3,9),
       (3,9),
       (3,462),
       (3,10),
       (3,10),
       (3,11),
       (3,142),
       (3,528),
       (3,508),
       (3,463),
       (3,143),
       (3,465),
       (3,144),
       (3,399),
       (3,424),
       (3,147),
       (3,148),
       (3,149),
       (3,150),
       (3,151),
       (3,466),
       (3,17),
       (3,154),
       (3,19),
       (3,467),
       (3,529),
       (3,530),
       (3,509),
       (3,468),
       (3,469),
       (3,427),
       (3,470),
       (3,471),
       (3,22),
       (3,23),
       (3,26),
       (3,472),
       (3,29),
       (3,158),
       (3,510),
       (3,159),
       (3,30),
       (3,473),
       (3,160),
       (3,161),
       (3,162),
       (3,429),
       (3,163),
       (3,165),
       (3,166),
       (3,167),
       (3,430),
       (3,168),
       (3,531),
       (3,31),
       (3,32),
       (3,34),
       (3,169),
       (3,475),
       (3,532),
       (3,170),
       (3,170),
       (3,171),
       (3,476),
       (3,173),
       (3,174),
       (3,175),
       (3,431),
       (3,432),
       (3,533),
       (3,477),
       (3,534),
       (3,480),
       (3,433),
       (3,481),
       (3,434),
       (3,176),
       (3,535),
       (3,512),
       (3,180),
       (3,181),
       (3,184),
       (3,185),
       (3,186),
       (3,188),
       (3,189),
       (3,190),
       (3,482),
       (3,483),
       (3,513),
       (3,435),
       (3,436),
       (3,437),
       (3,536),
       (3,192),
       (3,438),
       (3,484),
       (3,400),
       (3,485),
       (3,514),
       (3,201),
       (3,202),
       (3,39),
       (3,203),
       (3,205),
       (3,206),
       (3,207),
       (3,209),
       (3,210),
       (3,211),
       (3,212),
       (3,213),
       (3,214),
       (3,215),
       (3,216),
       (3,401),
       (3,217),
       (3,439),
       (3,40),
       (3,41),
       (3,221),
       (3,222),
       (3,223),
       (3,537),
       (3,42),
       (3,440),
       (3,402),
       (3,225),
       (3,44),
       (3,515),
       (3,233),
       (3,234),
       (3,487),
       (3,235),
       (3,237),
       (3,45),
       (3,239),
       (3,488),
       (3,489),
       (3,240),
       (3,241),
       (3,538),
       (3,242),
       (3,48),
       (3,49),
       (3,441),
       (3,51),
       (3,490),
       (3,243),
       (3,244),
       (3,246),
       (3,539),
       (3,251),
       (3,253),
       (3,442),
       (3,53),
       (3,443),
       (3,257),
       (3,444),
       (3,445),
       (3,446),
       (3,260),
       (3,404),
       (3,261),
       (3,56),
       (3,491),
       (3,57),
       (3,405),
       (3,265),
       (3,61),
       (3,62),
       (3,63),
       (3,64),
       (3,267),
       (3,540),
       (3,268),
       (3,447),
       (3,269),
       (3,270),
       (3,272),
       (3,273),
       (3,274),
       (3,275),
       (3,276),
       (3,492),
       (3,493),
       (3,517),
       (3,449),
       (3,280),
       (3,541),
       (3,282),
       (3,518),
       (3,494),
       (3,283),
       (3,285),
       (3,286),
       (3,407),
       (3,408),
       (3,288),
       (3,289),
       (3,291),
       (3,292),
       (3,495),
       (3,450),
       (3,299),
       (3,542),
       (3,300),
       (3,301),
       (3,302),
       (3,303),
       (3,411),
       (3,305),
       (3,307),
       (3,308),
       (3,309),
       (3,310),
       (3,311),
       (3,312),
       (3,314),
       (3,315),
       (3,453),
       (3,316),
       (3,317),
       (3,519),
       (3,68),
       (3,69),
       (3,70),
       (3,71),
       (3,72),
       (3,543),
       (3,544),
       (3,318),
       (3,319),
       (3,320),
       (3,322),
       (3,454),
       (3,323),
       (3,324),
       (3,325),
       (3,412),
       (3,545),
       (3,74),
       (3,327),
       (3,328),
       (3,413),
       (3,414),
       (3,415),
       (3,329),
       (3,330),
       (3,331),
       (3,332),
       (3,333),
       (3,334),
       (3,335),
       (3,498),
       (3,336),
       (3,337),
       (3,338),
       (3,339),
       (3,341),
       (3,342),
       (3,344),
       (3,345),
       (3,345),
       (3,346),
       (3,348),
       (3,349),
       (3,350),
       (3,455),
       (3,417),
       (3,546),
       (3,457),
       (3,520),
       (3,77),
       (3,78),
       (3,354),
       (3,79),
       (3,355),
       (3,80),
       (3,81),
       (3,356),
       (3,357),
       (3,358),
       (3,458),
       (3,360),
       (3,361),
       (3,362),
       (3,84),
       (3,85),
       (3,364),
       (3,521),
       (3,369),
       (3,370),
       (3,418),
       (3,371),
       (3,372),
       (3,500),
       (3,373),
       (3,547),
       (3,374),
       (3,375),
       (3,377),
       (3,378),
       (3,379),
       (3,380),
       (3,459),
       (3,522),
       (3,501),
       (3,502),
       (3,548),
       (3,503),
       (3,419),
       (3,504),
       (3,385),
       (3,386),
       (3,505),
       (3,388),
       (3,390),
       (3,392),
       (3,523),
       (3,549),
       (3,88),
       (3,524),
       (3,89),
       (3,90),
       (3,91),
       (3,92),
       (3,95),
       (3,96),
       (2,97),
       (2,2),
       (2,99),
       (2,421),
       (2,100),
       (2,422),
       (2,550),
       (2,525),
       (2,526),
       (2,551),
       (2,527),
       (2,103),
       (2,507),
       (2,104),
       (2,3),
       (2,106),
       (2,108),
       (2,109),
       (2,552),
       (2,6),
       (2,7),
       (2,121),
       (2,124),
       (2,125),
       (2,126),
       (2,127),
       (2,128),
       (2,129),
       (2,130),
       (2,134),
       (2,136),
       (2,553),
       (2,139),
       (2,423),
       (2,140),
       (2,9),
       (2,462),
       (2,462),
       (2,10),
       (2,11),
       (2,142),
       (2,528),
       (2,508),
       (2,463),
       (2,143),
       (2,554),
       (2,465),
       (2,399),
       (2,424),
       (2,147),
       (2,148),
       (2,149),
       (2,150),
       (2,151),
       (2,153),
       (2,466),
       (2,17),
       (2,154),
       (2,19),
       (2,467),
       (2,529),
       (2,530),
       (2,509),
       (2,468),
       (2,469),
       (2,427),
       (2,470),
       (2,471),
       (2,555),
       (2,22),
       (2,23),
       (2,556),
       (2,472),
       (2,158),
       (2,510),
       (2,159),
       (2,30),
       (2,473),
       (2,557),
       (2,160),
       (2,161),
       (2,162),
       (2,429),
       (2,558),
       (2,163),
       (2,559),
       (2,165),
       (2,166),
       (2,167),
       (2,430),
       (2,168),
       (2,560),
       (2,531),
       (2,31),
       (2,32),
       (2,34),
       (2,169),
       (2,475),
       (2,532),
       (2,170),
       (2,561),
       (2,173),
       (2,174),
       (2,562),
       (2,175),
       (2,431),
       (2,432),
       (2,533),
       (2,477),
       (2,478),
       (2,563),
       (2,564),
       (2,480),
       (2,480),
       (2,481),
       (2,434),
       (2,176),
       (2,535),
       (2,512),
       (2,180),
       (2,181),
       (2,184),
       (2,185),
       (2,186),
       (2,188),
       (2,189),
       (2,190),
       (2,482),
       (2,483),
       (2,513),
       (2,435),
       (2,436),
       (2,437),
       (2,192),
       (2,438),
       (2,484),
       (2,400),
       (2,485),
       (2,514),
       (2,39),
       (2,203),
       (2,205),
       (2,206),
       (2,207),
       (2,209),
       (2,210),
       (2,211),
       (2,212),
       (2,213),
       (2,214),
       (2,216),
       (2,217),
       (2,565),
       (2,439),
       (2,40),
       (2,41),
       (2,221),
       (2,223),
       (2,537),
       (2,42),
       (2,440),
       (2,566),
       (2,567),
       (2,568),
       (2,44),
       (2,515),
       (2,233),
       (2,234),
       (2,487),
       (2,235),
       (2,237),
       (2,45),
       (2,488),
       (2,240),
       (2,241),
       (2,538),
       (2,242),
       (2,49),
       (2,51),
       (2,490),
       (2,243),
       (2,244),
       (2,246),
       (2,539),
       (2,251),
       (2,253),
       (2,442),
       (2,53),
       (2,443),
       (2,444),
       (2,445),
       (2,260),
       (2,404),
       (2,261),
       (2,56),
       (2,491),
       (2,57),
       (2,405),
       (2,265),
       (2,62),
       (2,569),
       (2,63),
       (2,64),
       (2,267),
       (2,540),
       (2,268),
       (2,447),
       (2,269),
       (2,270),
       (2,272),
       (2,273),
       (2,274),
       (2,275),
       (2,276),
       (2,492),
       (2,570),
       (2,493),
       (2,517),
       (2,449),
       (2,280),
       (2,282),
       (2,518),
       (2,494),
       (2,285),
       (2,286),
       (2,407),
       (2,408),
       (2,288),
       (2,289),
       (2,291),
       (2,450),
       (2,571),
       (2,572),
       (2,299),
       (2,542),
       (2,300),
       (2,301),
       (2,302),
       (2,303),
       (2,411),
       (2,305),
       (2,307),
       (2,573),
       (2,309),
       (2,310),
       (2,312),
       (2,314),
       (2,315),
       (2,316),
       (2,574),
       (2,317),
       (2,519),
       (2,575),
       (2,576),
       (2,577),
       (2,578),
       (2,543),
       (2,544),
       (2,320),
       (2,322),
       (2,454),
       (2,323),
       (2,325),
       (2,412),
       (2,545),
       (2,74),
       (2,327),
       (2,328),
       (2,413),
       (2,414),
       (2,415),
       (2,329),
       (2,579),
       (2,330),
       (2,332),
       (2,334),
       (2,335),
       (2,498),
       (2,338),
       (2,580),
       (2,339),
       (2,581),
       (2,341),
       (2,342),
       (2,344),
       (2,345),
       (2,345),
       (2,346),
       (2,348),
       (2,349),
       (2,350),
       (2,455),
       (2,417),
       (2,456),
       (2,582),
       (2,546),
       (2,457),
       (2,583),
       (2,584),
       (2,585),
       (2,586),
       (2,520),
       (2,77),
       (2,78),
       (2,354),
       (2,79),
       (2,355),
       (2,80),
       (2,81),
       (2,357),
       (2,358),
       (2,360),
       (2,360),
       (2,361),
       (2,362),
       (2,84),
       (2,85),
       (2,364),
       (2,369),
       (2,370),
       (2,418),
       (2,371),
       (2,372),
       (2,500),
       (2,547),
       (2,374),
       (2,375),
       (2,377),
       (2,378),
       (2,379),
       (2,380),
       (2,459),
       (2,501),
       (2,502),
       (2,548),
       (2,503),
       (2,587),
       (2,419),
       (2,385),
       (2,386),
       (2,505),
       (2,388),
       (2,390),
       (2,392),
       (2,549),
       (2,88),
       (2,588),
       (2,90),
       (2,91),
       (2,95),
       (2,589),
       (2,96),
       (1,97),
       (1,2),
       (1,99),
       (1,421),
       (1,100),
       (1,422),
       (1,590),
       (1,525),
       (1,526),
       (1,551),
       (1,527),
       (1,103),
       (1,104),
       (1,3),
       (1,106),
       (1,108),
       (1,109),
       (1,552),
       (1,6),
       (1,7),
       (1,116),
       (1,117),
       (1,119),
       (1,121),
       (1,124),
       (1,125),
       (1,126),
       (1,127),
       (1,128),
       (1,129),
       (1,130),
       (1,134),
       (1,136),
       (1,553),
       (1,591),
       (1,139),
       (1,423),
       (1,140),
       (1,9),
       (1,462),
       (1,462),
       (1,10),
       (1,11),
       (1,142),
       (1,528),
       (1,508),
       (1,463),
       (1,143),
       (1,554),
       (1,592),
       (1,465),
       (1,144),
       (1,399),
       (1,424),
       (1,147),
       (1,148),
       (1,149),
       (1,150),
       (1,151),
       (1,153),
       (1,17),
       (1,154),
       (1,467),
       (1,529),
       (1,530),
       (1,509),
       (1,468),
       (1,470),
       (1,593),
       (1,22),
       (1,23),
       (1,556),
       (1,472),
       (1,158),
       (1,594),
       (1,510),
       (1,159),
       (1,30),
       (1,473),
       (1,160),
       (1,161),
       (1,162),
       (1,429),
       (1,558),
       (1,163),
       (1,165),
       (1,166),
       (1,167),
       (1,430),
       (1,168),
       (1,560),
       (1,531),
       (1,31),
       (1,32),
       (1,34),
       (1,169),
       (1,475),
       (1,532),
       (1,170),
       (1,561),
       (1,173),
       (1,174),
       (1,562),
       (1,175),
       (1,431),
       (1,432),
       (1,533),
       (1,595),
       (1,595),
       (1,563),
       (1,564),
       (1,596),
       (1,480),
       (1,480),
       (1,481),
       (1,434),
       (1,535),
       (1,512),
       (1,180),
       (1,181),
       (1,184),
       (1,185),
       (1,186),
       (1,188),
       (1,189),
       (1,190),
       (1,482),
       (1,483),
       (1,513),
       (1,435),
       (1,436),
       (1,437),
       (1,192),
       (1,438),
       (1,484),
       (1,400),
       (1,485),
       (1,514),
       (1,39),
       (1,203),
       (1,205),
       (1,206),
       (1,207),
       (1,209),
       (1,210),
       (1,211),
       (1,212),
       (1,213),
       (1,214),
       (1,215),
       (1,216),
       (1,597),
       (1,217),
       (1,565),
       (1,439),
       (1,41),
       (1,221),
       (1,223),
       (1,537),
       (1,42),
       (1,440),
       (1,566),
       (1,567),
       (1,568),
       (1,44),
       (1,515),
       (1,233),
       (1,234),
       (1,235),
       (1,237),
       (1,598),
       (1,45),
       (1,599),
       (1,600),
       (1,488),
       (1,240),
       (1,241),
       (1,538),
       (1,242),
       (1,49),
       (1,51),
       (1,490),
       (1,601),
       (1,243),
       (1,244),
       (1,246),
       (1,539),
       (1,251),
       (1,253),
       (1,442),
       (1,53),
       (1,443),
       (1,444),
       (1,445),
       (1,260),
       (1,404),
       (1,261),
       (1,56),
       (1,491),
       (1,57),
       (1,405),
       (1,265),
       (1,62),
       (1,602),
       (1,569),
       (1,63),
       (1,64),
       (1,267),
       (1,540),
       (1,268),
       (1,447),
       (1,269),
       (1,270),
       (1,272),
       (1,273),
       (1,274),
       (1,275),
       (1,276),
       (1,492),
       (1,570),
       (1,493),
       (1,517),
       (1,449),
       (1,280),
       (1,282),
       (1,518),
       (1,494),
       (1,285),
       (1,286),
       (1,603),
       (1,407),
       (1,288),
       (1,289),
       (1,291),
       (1,604),
       (1,605),
       (1,542),
       (1,300),
       (1,301),
       (1,302),
       (1,303),
       (1,411),
       (1,305),
       (1,573),
       (1,606),
       (1,607),
       (1,315),
       (1,316),
       (1,574),
       (1,608),
       (1,317),
       (1,575),
       (1,577),
       (1,609),
       (1,578),
       (1,610),
       (1,544),
       (1,611),
       (1,318),
       (1,320),
       (1,322),
       (1,454),
       (1,323),
       (1,324),
       (1,325),
       (1,412),
       (1,545),
       (1,74),
       (1,328),
       (1,413),
       (1,414),
       (1,415),
       (1,329),
       (1,579),
       (1,330),
       (1,612),
       (1,332),
       (1,333),
       (1,335),
       (1,498),
       (1,613),
       (1,338),
       (1,614),
       (1,580),
       (1,339),
       (1,581),
       (1,341),
       (1,342),
       (1,344),
       (1,344),
       (1,345),
       (1,346),
       (1,615),
       (1,348),
       (1,349),
       (1,350),
       (1,417),
       (1,456),
       (1,582),
       (1,546),
       (1,457),
       (1,583),
       (1,616),
       (1,586),
       (1,617),
       (1,520),
       (1,77),
       (1,354),
       (1,79),
       (1,355),
       (1,80),
       (1,81),
       (1,618),
       (1,357),
       (1,360),
       (1,361),
       (1,362),
       (1,84),
       (1,85),
       (1,364),
       (1,369),
       (1,370),
       (1,418),
       (1,372),
       (1,500),
       (1,619),
       (1,547),
       (1,374),
       (1,377),
       (1,378),
       (1,379),
       (1,380),
       (1,381),
       (1,459),
       (1,501),
       (1,502),
       (1,548),
       (1,503),
       (1,587),
       (1,419),
       (1,385),
       (1,386),
       (1,505),
       (1,388),
       (1,390),
       (1,392),
       (1,549),
       (1,88),
       (1,588),
       (1,90),
       (1,91),
       (1,95),
       (1,589)
;
